""	"Acct #"	"Cust #"	"New Delivery Day"	"Allaint Sequence"	"Customer Name"	"Address"	"X_Longitude"	"Y_Latitude"
"665"	"31183"	"0"	"F"	""	"5TH TAVERN"	"2262 S TELEGRAPH RD, BLOOMFIELD HILLS MI 48302 US"	"-83.29714"	"42.605905"
"666"	"31183"	"1"	"F"	""	"5TH TAVERN"	"7228 N MAIN STREET, CLARKSTON MI 48346 US"	"-83.418369"	"42.743728"
"667"	"99033"	"83"	"F"	""	"CONTINENTAL NORTH #21713"	"1 CONTINENTAL DR, AUBURN HILLS MI 48326 US"	"-83.280347"	"42.702544"
"668"	"33241"	"0"	"F"	""	"CULVERS LAKE ORION"	"4963 INERPARK DR. NORTH, LAKE ORION MI 48359 US"	"-83.241625"	"42.709552"
"669"	"29076"	"2"	"F"	""	"AUBURN HILLS-PUBLIC SERVICES  "	"1500 BROWN RD, AUBURN HILLS MI 48326 US"	"-83.271395"	"42.707129"
"670"	"99033"	"244"	"F"	""	"EUREST AT GUARDIAN #50591"	"2300 HARMON ROAD, AUBURN HILLS MI 48326 US"	"-83.249242"	"42.698999"
"671"	"29076"	"8"	"F"	""	"AUBURN HILLS-FIELDSTONE GC"	"1984 TAYLOR, AUBURN HILLS MI 48326 US"	"-83.25625"	"42.688149"
"672"	"99051"	"62"	"F"	""	"JETS PIZZA-AUB HILLS #32 (BLK)"	"3429 FIVE POINTS, AUBURN HILLS MI 48326 US"	"-83.222712"	"42.678054"
"673"	"99079"	"33"	"F"	""	"MOTOR CITY PEAKS-AUBURN HILLS"	"2443 N SQUIRREL ROAD, AUBURN HILLS MI 48326 US"	"-83.221875"	"42.677134"
"674"	"29076"	"4"	"F"	""	"AUBURN HILLS-FIRE DEPT 2      "	"1899 N SQUIRREL RD, AUBURN HILLS MI 48326 US"	"-83.222272"	"42.671883"
"675"	"99124"	"4"	"F"	""	"BANGKOK CUISINE EXPRESS"	"2596 SQUIRREL ROAD, AUBURN HILLS MI 48326 US"	"-83.220128"	"42.680392"
"676"	"29076"	"3"	"F"	""	"AUBURN HILLS-POLICE DEPT      "	"1899 N SQUIRREL RD, AUBURN HILLS MI 48326 US"	"-83.222272"	"42.671883"
"677"	"99048"	"17"	"F"	""	"OLGA'S #605 AUBURN SQUARE"	"2580 N SQUIRREL RD, AUBURN HILLS MI 48326 US"	"-83.219942"	"42.680022"
"678"	"29076"	"5"	"F"	""	"AUBURN HILLS-LIBRARY          "	"3400 E SEYBURN DR, AUBURN HILLS MI 48326 US"	"-83.222737"	"42.671075"
"679"	"29094"	"0"	"F"	""	"CITY OF AUBURN HILLS-SENIOR SE"	"1827 N SQUIRREL RD, AUBURN HILLS MI 48326 US"	"-83.223421"	"42.669572"
"680"	"99033"	"219"	"F"	""	"OAKLAND UNIV DINING 2 #42533"	"273 GRIZZLY LANE, ROCHESTER MI 48309 US"	"-83.212367"	"42.670334"
"681"	"29076"	"1"	"F"	""	"AUBURN HILLS-ADMIN BUILDING   "	"1827 N SQUIRREL RD, AUBURN HILLS MI 48326 US"	"-83.223421"	"42.669572"
"682"	"99033"	"118"	"F"	""	"OAKLAND UNIV CENTER #11734"	"312 MEADOWBROOK RD, ROCHESTER MI 48309 US"	"-83.216648"	"42.674294"
"683"	"29076"	"6"	"F"	""	"AUBURN HILLS-COMM CENTER      "	"1827 N SQUIRREL RD, AUBURN HILLS MI 48326 US"	"-83.223421"	"42.669572"
"684"	"99033"	"116"	"F"	""	"OAKLAND UNIV CATERING #11734"	"312 MEADOWBROOK RD, ROCHESTER MI 48309 US"	"-83.216648"	"42.674294"
"685"	"99033"	"117"	"F"	""	"OAKLAND UNIV VANDENBURG #11734"	"502 MEADOWBROOK RD, ROCHESTER MI 48309 US"	"-83.2180206190257"	"42.6774872472412"
"686"	"99033"	"311"	"F"	""	"MEADOW BROOK AMPHITHEATRE"	"3554 WALTON BLVD, ROCHESTER HILLS MI 48309 US"	"-83.201088"	"42.680109"
"687"	"99079"	"22"	"F"	""	"BURGERZ INC. #200         "	"3204 WALTON BLVD, ROCHESTER HILLS MI 48309 US"	"-83.196444"	"42.681079"
"688"	"29090"	"0"	"F"	""	"GRAND TAVERN                  "	"3512 MARKET PLACE CIRCLE, ROCHESTER HILLS MI 48309 US"	"-83.201036"	"42.644084"
"689"	"20676"	"0"	"F"	""	"HCB                           "	"900 UPPER SCOTSBOROUGH WAY, BLOOMFIELD HILLS MI 48304 US"	"-83.23192"	"42.60869"
"690"	"31151"	"0"	"M"	""	"DRUMMOND PRESS"	"143 NORTHPOINTE DRIVE, LAKE ORION MI 48359 US"	"-83.239294"	"42.71461"
"691"	"33151"	"0"	"M"	""	"LEGGERA TECHNOLOGIES"	"87 NORTHPOINT DRIVE, LAKE ORION MI 48359 US"	"-83.239986"	"42.71444"
"692"	"99121"	"0"	"M"	""	"G'S PIZZERIA"	"2775 S. LAPEER ROAD, LAKE ORION MI 48360 US"	"-83.244687"	"42.741009"
"693"	"29486"	"0"	"M"	""	"LAKE ORION IM PEDS            "	"1375 S LAPEER RD, LAKE ORION MI 48360 US"	"-83.241787"	"42.761883"
"694"	"29245"	"0"	"M"	""	"LAKE ORION IMAGING            "	"1375 S LAPEER RD, LAKE ORION MI 48360 US"	"-83.241787"	"42.761883"
"695"	"99179"	"3"	"M"	""	"ROAD COMMISSION OAKLAND COUNTY"	"1100 S. LAPEER ROAD, LAKE ORION MI 48360 US"	"-83.2412479"	"42.7665816"
"696"	"31278"	"0"	"M"	""	"DERMATOLOGY CENTER OF LAKE ORI"	"1261 S LAPEER, LAKE ORION MI 48360 US"	"-83.241263"	"42.763331"
"697"	"22315"	"0"	"M"	""	"VALENTINOS                    "	"185 SOUTH BROADWAY, LAKE ORION MI 48362 US"	"-83.239458"	"42.78242"
"698"	"33104"	"0"	"M"	""	"ANITA'S KITCHEN"	"45 W. FLINT STREET, LAKE ORION MI 48362 US"	"-83.240597"	"42.78449"
"699"	"23444"	"0"	"M"	""	"AMERICAN LEGION 108          "	"130 E. DRAHNER, OXFORD MI 48371 US"	"-83.2498572"	"42.8101828"
"700"	"99051"	"24"	"M"	""	"JET'S PIZZA MI-050 (BLK)"	"204 S WASHINGTON, OXFORD MI 48371 US"	"-83.257072"	"42.818095"
"701"	"31577"	"0"	"M"	""	"WOODCHIPS EXPRESS"	"40 N. WASHINGTON STREET, OXFORD MI 48371 US"	"-83.265487"	"42.825862"
"702"	"25059"	"0"	"M"	""	"PAINT CREEK LOCKER ROOM       "	"2375 STANTON, LAKE ORION MI 48362 US"	"-83.2949042"	"42.7945595"
"703"	"25060"	"0"	"M"	""	"PAINT CREEK HEALTH CLUB       "	"2375 STANTON, LAKE ORION MI 48362 US"	"-83.2949042"	"42.7945595"
"704"	"25056"	"0"	"M"	""	"PAINT CREEK KIT ACCT          "	"2375 STANTON, LAKE ORION MI 48362 US"	"-83.2949042"	"42.7945595"
"705"	"25057"	"0"	"M"	""	"PAINT CREEK C C RESTAURANT    "	"2375 STANTON, LAKE ORION MI 48362 US"	"-83.2949042"	"42.7945595"
"706"	"32781"	"0"	"M"	""	"COMPLETE AUTOMATION"	"1776 W. CLARKSTON, LAKE ORION MI 48362 US"	"-83.2809263634481"	"42.7662851358101"
"707"	"433067"	"2"	"M"	""	"CMF INDIANWOOD RD"	"2910 INDIANWOOD RD, LAKE ORION MI 48362 US"	"-83.3058787"	"42.78677"
"708"	"433067"	"1"	"M"	""	"CMF CLARKSTON #2"	"1776 W. CLARKSTON #2, LAKE ORION MI 48362 US"	"-83.2809263634481"	"42.7662851358101"
"709"	"5801"	"0"	"M"	""	"SUP INDIAN WOOD JUNC          "	"20 NORTH BALDWIN, LAKE ORION MI 48035 US"	"-83.320678"	"42.783691"
"710"	"31183"	"1"	"M"	""	"5TH TAVERN"	"7228 N MAIN STREET, CLARKSTON MI 48346 US"	"-83.418369"	"42.743728"
"711"	"99033"	"229"	"M"	""	"CANTERBURY ON THE LAKE"	"5601 HATCHERY ROAD, WATERFORD MI 48329 US"	"-83.399734"	"42.673667"
"712"	"5585"	"0"	"M"	""	"LAKEVIEW FOOD BASKET          "	"4710 CLARKSTON ROAD, CLARKSTON MI 48016 US"	"-83.339281"	"42.764161"
"713"	"29873"	"0"	"R"	""	"THAI STREET KITCHEN"	"42805 WOODWARD AVE., BLOOMFIELD HILLS MI 48304 US"	"-83.263469"	"42.601904"
"714"	"33270"	"3"	"R"	""	"NOORJAHAN INDIAN CUISINE"	"42787 WOODWARD AVENUE, BLOOMFIELD TOWNSHIP MI 48304 US"	"-83.263448"	"42.601839"
"715"	"23431"	"0"	"R"	""	"DR. GREGORY C. ROCHE          "	"43494 WOODWARD, BLOOMFIELD MI 48302 US"	"-83.267144"	"42.607861"
"716"	"29468"	"0"	"R"	""	"BRAVO CAFE                    "	"621 AUBURN RD, PONTIAC MI 48342 US"	"-83.267876"	"42.634995"
"717"	"31169"	"0"	"R"	""	"SHEILA'S BAKERY"	"800 N PERRY STREET, PONTIAC MI 48342 US"	"-83.278695"	"42.654259"
"718"	"33584"	"0"	"R"	""	"THE BEER STORE"	"1025 N PERRY STREET, PONTIAC MI 48340 US"	"-83.273367"	"42.659703"
"719"	"31780"	"0"	"R"	""	"ALTADONA CONEY ISLAND"	"1035 N. PERRY STREET, PONTIAC MI 48340 US"	"-83.272984"	"42.659819"
"720"	"99033"	"144"	"R"	""	"NOTRE DAME PREP SCHOOL #40009"	"1300 GIDDINGS ROAD, PONTIAC MI 48340 US"	"-83.258237"	"42.673535"
"721"	"29537"	"0"	"R"	""	"HILTON SUITES"	"2300 FEATHERSTONE ROAD, AUBURN HILLS MI 48326 US"	"-83.243893"	"42.648254"
"722"	"29076"	"9"	"R"	""	"AUBURN HILLS-FIRE STATION 1"	"3483 AUBURN RD, AUBURN HILLS MI 48326 US"	"-83.218912"	"42.634356"
"723"	"99033"	"96"	"R"	""	"VITESCO TECHNOLOGIES"	"2400 EXECUTIVE HILLS DR, AUBURN HILLS MI 48236 US"	"-83.240964"	"42.644286"
"724"	"32992"	"0"	"R"	""	"SHARPERTEK"	"486 S OPDYKE RD, PONTIAC MI 48341 US"	"-83.250948"	"42.624942"
"725"	"33676"	"0"	"R"	""	"LELA'S BRUNCH"	"951 SOUTH OPDYKE ROAD, AUBURN HILLS MI 48326 US"	"-83.247999"	"42.621628"
"726"	"99161"	"155"	"R"	""	"HOLLYWOOD MKT #894 FIRST AID"	"1525 OPDYKE RD, BLOOMFIELD HILLS MI 48034 US"	"-83.247141"	"42.619178"
"727"	"99062"	"155"	"R"	""	"HOLLYWOOD MKT #894 DELI/BAKERY"	"1525 OPDYKE RD, BLOOMFIELD HILLS MI 48304 US"	"-83.247141"	"42.619178"
"728"	"99062"	"154"	"R"	""	"HOLLYWOOD MKT #894 GROCERY"	"1525 OPDYKE RD, BLOOMFIELD HILLS MI 48304 US"	"-83.247141"	"42.619178"
"729"	"99062"	"156"	"R"	""	"HOLLYWOOD MKT #894 MEAT"	"1525 OPDYKE RD., BLOOMFIELD HILLS MI 48304 US"	"-83.247141"	"42.619178"
"730"	"26045"	"0"	"R"	""	"MARRIOTT-CENTERPOINT          "	"3600 CENTERPOINT PARKWAY, PONTIAC MI 48341 US"	"-83.2517"	"42.605513"
"731"	"31916"	"0"	"R"	""	"TROPICAL SMOOTHIE CAFE"	"2510 S TELEGRAPH RD, BLOOMFIELD HILLS MI 48302 US"	"-83.290616"	"42.602445"
"732"	"33314"	"0"	"T"	""	"HEART CARE P.C."	"6889 HIGHLAND ROAD, WATERFORD MI 48327 US"	"-83.422306"	"42.659064"
"733"	"31912"	"0"	"T"	""	"DEB'S CLASSIC CONEY"	"6678 DIXIE HWY, CLARKSTON MI 48346 US"	"-83.416346"	"42.719386"
"734"	"99124"	"1"	"T"	""	"BANGKOK THAI EXPRESS"	"6678 DIXIE HWY, CLARKSTON MI 48346 US"	"-83.416346"	"42.719386"
"735"	"99125"	"182"	"T"	""	"NEIMANS-BAKERY"	"7121 DIXIE HWY, CLARKSTON MI 48346 US"	"-83.428191"	"42.722816"
"736"	"99125"	"183"	"T"	""	"NEIMANS-PRODUCE"	"7121 DIXIE HWY, CLARKSTON MI 48346 US"	"-83.428191"	"42.722816"
"737"	"99125"	"184"	"T"	""	"NEIMANS-MEAT"	"7121 DIXIE HWY, CLARKSTON MI 48346 US"	"-83.428191"	"42.722816"
"738"	"99125"	"185"	"T"	""	"NEIMANS-CORNER CAFE"	"7121 DIXIE HWY, CLARKSTON MI 48346 US"	"-83.428191"	"42.722816"
"739"	"99125"	"186"	"T"	""	"NEIMANS-DELI"	"7121 DIXIE HWY, CLARKSTON MI 48346 US"	"-83.428191"	"42.722816"
"740"	"99125"	"187"	"T"	""	"NEIMANS-GROCERY"	"7121 DIXIE HWY, CLARKSTON MI 48346 US"	"-83.428191"	"42.722816"
"741"	"99161"	"182"	"T"	""	"NEIMANS 167 FIRST AID"	"7121 DIXIE HWY, CLARKSTON MI 48346 US"	"-83.428191"	"42.722816"
"742"	"32152"	"0"	"T"	""	"CLARKSON IMAGING CENTER"	"7210 N. MAIN STREET, CLARKSTON MI 48346 US"	"-83.418385"	"42.743427"
"743"	"22640"	"1"	"T"	""	"REMAX ENCORE                  "	"5811 SOUTH MAIN ST, CLARKSTON MI 48436 US"	"-83.419523"	"42.722495"
"744"	"99033"	"315"	"T"	""	"EVEREST ACADEMY 60520"	"5935 CLARKSTON ROAD, CLARKSTON MI 48348 US"	"-83.3915507"	"42.7501846"
"745"	"22640"	"0"	"T"	""	"REMAX ENCORE                  "	"5905 S MAIN ST., CLARKSTON MI 48346 US"	"-83.419317"	"42.72459"
"746"	"99033"	"289"	"T"	""	"PINE KNOB MUSIC THEATRE-LEVY"	"33 BOB SEGAR DRIVE, CLARKSTON MI 48348 US"	"-83.3723"	"42.745136"
"747"	"22931"	"0"	"T"	""	"CLARKSTON VILLAGE BAKESHOP    "	"10 SOUTH MAIN, CLARKSTON MI 48346 US"	"-83.418857"	"42.735697"
"748"	"99062"	"29"	"T"	""	"SPT TENUTA FOODLAND 1118"	"3515 SASHABAW, DRAYTON PLAINS MI 48020 US"	"-83.373408"	"42.690234"
"749"	"26759"	"0"	"T"	""	"GREEN APPLE RESTAURANT        "	"4780 DIXIE HWY, WATERFORD MI 48329 US"	"-83.383782"	"42.689019"
"750"	"33503"	"0"	"T"	""	"WATERFORD CONEY ISLAND"	"4882 HATCHERY ROAD, WATERFORD MI 48329 US"	"-83.383507"	"42.675253"
"751"	"23312"	"0"	"T"	""	"INDEPENDENCE TWP SR CTR"	"6000 CLARKSTON RD, CLARKSTON MI 48348 US"	"-83.3958705"	"42.7522795"
"752"	"31183"	"0"	"T"	""	"5TH TAVERN"	"2262 S TELEGRAPH RD, BLOOMFIELD HILLS MI 48302 US"	"-83.29714"	"42.605905"
"753"	"20676"	"0"	"T"	""	"HCB                           "	"900 UPPER SCOTSBOROUGH WAY, BLOOMFIELD HILLS MI 48304 US"	"-83.23192"	"42.60869"
"754"	"33199"	"0"	"T"	""	"DR. GARY M. FITENY, D.D.S. P.C"	"5635 SASHABAW ROAD, CLARKSTON MI 48346 US"	"-83.379996"	"42.722028"
"755"	"28073"	"0"	"W"	""	"THOMPSON OIL CO.              "	"95 W PIKE STREET, PONTIAC MI 48341 US"	"-83.295139"	"42.635514"
"756"	"29076"	"10"	"W"	""	"AUBURN HILLS-FIRE STATION 3"	"3253 JOSLYN, AUBURN HILLS MI 48326 US"	"-83.279825"	"42.689582"
"757"	"31237"	"0"	"W"	""	"SILVER LAKE GOLF CLUB"	"2602 W WALTON BLVD, WATERFORD MI 48329 US"	"-83.335113"	"42.684397"
"758"	"99112"	"1"	"W"	""	"INTIMATE IDEAS-WATERFORD"	"3101 W. HURON STREET, WATERFORD MI 48328 US"	"-83.348842"	"42.636973"
"759"	"32183"	"0"	"W"	""	"MARVIN TAYLOR DDS"	"1101 W. HURON STREET, WATERFORD MI 48302 US"	"-83.333649"	"42.634655"
"760"	"30265"	"0"	"W"	""	"FRANKS-A-LOT"	"2380 SCOTT LAKE ROAD, WATERFORD MI 48328 US"	"-83.34699"	"42.674737"
"761"	"99033"	"260"	"W"	""	"THE LOURDES #55759"	"2300 WATKINS LAKE ROAD, WATERFORD MI 48328 US"	"-83.355649"	"42.672497"
"762"	"99033"	"229"	"W"	""	"CANTERBURY ON THE LAKE"	"5601 HATCHERY ROAD, WATERFORD MI 48329 US"	"-83.399734"	"42.673667"
"763"	"33202"	"0"	"W"	""	"COPPERSTONE'S RESTAURANT"	"4631 HIGHLAND ROAD, WATERFORD MI 48328 US"	"-83.380361"	"42.657752"
"764"	"30145"	"0"	"W"	""	"300 BOWL"	"100 SOUTH CASS LAKE RD., WATERFORD MI 48328 US"	"-83.356575"	"42.637184"
"765"	"30535"	"0"	"W"	""	"DON'S AUTO REPAIR"	"4860 HIGHLAND RD, WATERFORD MI 48328 US"	"-83.383323"	"42.659718"
"766"	"99115"	"9"	"W"	""	"LOCKWOOD OF WATERFORD-FACILITY"	"1407 SKIPPER DR, WATERFORD MI 48327 US"	"-83.390111"	"42.657824"
"767"	"99115"	"2"	"W"	""	"LOCKWOOD OF WATERFORD"	"1407 SKIPPER DRIVE, WATERFORD MI 48327 US"	"-83.390111"	"42.657824"
"768"	"31183"	"2"	"W"	""	"4TH TAVERN LAKE HOUSE"	"4710 COOLEY LAKE RD, WATERFORD MI 48327 US"	"-83.38237"	"42.638473"
"769"	"33365"	"0"	"W"	""	"TAQUERIA SAN JOSE"	"4550 ELIZABETH LAKE ROAD, WATERFORD MI 48328 US"	"-83.377927"	"42.638983"
"770"	"28583"	"0"	"W"	""	"BARTELLIS                     "	"100 S. CASS LAKE ROAD, WATERFORD MI 48328 US"	"-83.356575"	"42.637184"
"771"	"32656"	"0"	"W"	""	"POP'S FAMILY DINER"	"3330 HIGHLAND RD, WATERFORD MI 48328 US"	"-83.352531"	"42.640231"
"772"	"33365"	"1"	"W"	""	"SAN JOSE MEXICAN GRILL & BAR"	"3150 ELIZABETH LAKE ROAD, WATERFORD MI 48328 US"	"-83.349101"	"42.639934"
"773"	"99179"	"1"	"W"	""	"ROAD COMMISSION OAKLAND COUNTY"	"2420 PONTIAC LAKE ROAD, WATERFORD MI 48328 US"	"-83.3354712"	"42.6552158"
"774"	"626"	"0"	"W"	""	"WALTON GAS MART               "	"3235 WEST WALTON BLV, WATERFORD MI 48328 US"	"-83.35292"	"42.68863"
"775"	"31906"	"0"	"W"	""	"CHINA JADE"	"1070 W. HURON, WATERFORD MI 48328 US"	"-83.332245"	"42.635459"
"776"	"99048"	"22"	"W"	""	"OLGA'S #600 BLOOMFIELD"	"2075 TELEGRAPH RD, BLOOMFIELD TWNSHP MI 48302 US"	"-83.299828"	"42.608948"
